{
  "command": "./demo.sh",
  "width": 80,
  "stdout": [
    [
      0,
      "flamy> "
    ],
    [
      0.472994,
      "d"
    ],
    [
      0.116776,
      "i"
    ],
    [
      0.406092,
      "f"
    ],
    [
      0.141331,
      "f"
    ],
    [
      0.20129,
      " "
    ],
    [
      0.141926,
      "t"
    ],
    [
      0.104875,
      "a"
    ],
    [
      0.167389,
      "b"
    ],
    [
      0.143696,
      "l"
    ],
    [
      0.110997,
      "e"
    ],
    [
      0.052902,
      "s"
    ],
    [
      0.149294,
      " "
    ],
    [
      0.485568,
      "-"
    ],
    [
      0.12023,
      "-"
    ],
    [
      0.206216,
      "o"
    ],
    [
      0.07343,
      "n"
    ],
    [
      0.181744,
      " "
    ],
    [
      0.191386,
      "l"
    ],
    [
      0.186309,
      "o"
    ],
    [
      0.054806,
      "c"
    ],
    [
      0.118254,
      "a"
    ],
    [
      0.251705,
      "l"
    ],
    [
      0.696847,
      "\r\r\n"
    ],
    [
      0.734482,
      "+-----------------------------------+-------+\r\n| model                             | local |\r\n+-----------------------------------+-------+\r\n| facts.http_status                 |       |\r\n| nasa_access.daily_logs            |       |\r\n| nasa_access.daily_url_error_rates |       |\r\n| nasa_access.daily_urls            |       |\r\n| nasa_access.daily_urls_with_error |       |\r\n| nasa_access_import.daily_logs     |       |\r\n| nasa_access_import.raw_data       |       |\r\n+-----------------------------------+-------+"
    ],
    [
      0.000335,
      "\r\n"
    ],
    [
      0.006252,
      "flamy> "
    ],
    [
      0.504424,
      "diff tables --on local"
    ],
    [
      0.322492,
      "\u001b[22D"
    ],
    [
      0.516474,
      "iff tables --on local\u001b[K\u001b[21D"
    ],
    [
      0.14128,
      "ff tables --on local\u001b[K\u001b[20D"
    ],
    [
      0.1772,
      "f tables --on local\u001b[K\u001b[19D"
    ],
    [
      0.162039,
      " tables --on local\u001b[K\u001b[18D"
    ],
    [
      0.67392,
      "p tables --on local\u001b[18D"
    ],
    [
      0.219839,
      "u tables --on local\u001b[18D"
    ],
    [
      0.151283,
      "s tables --on local\u001b[18D"
    ],
    [
      0.077966,
      "h tables --on local\u001b[18D"
    ],
    [
      0.401727,
      "\u001b[18C"
    ],
    [
      0.51034,
      " "
    ],
    [
      1.126374,
      "n"
    ],
    [
      0.0552,
      "a"
    ],
    [
      0.186267,
      "s"
    ],
    [
      0.180659,
      "a"
    ],
    [
      0.31978,
      "_"
    ],
    [
      0.100101,
      "a"
    ],
    [
      0.164513,
      "c"
    ],
    [
      0.165706,
      "c"
    ],
    [
      0.170036,
      "e"
    ],
    [
      0.186236,
      "s"
    ],
    [
      0.150312,
      "s"
    ],
    [
      0.277146,
      "_"
    ],
    [
      0.261388,
      "i"
    ],
    [
      0.230203,
      "m"
    ],
    [
      0.176087,
      "p"
    ],
    [
      0.167524,
      "o"
    ],
    [
      0.082411,
      "r"
    ],
    [
      0.059718,
      "t"
    ],
    [
      0.141158,
      " "
    ],
    [
      0.314791,
      "f"
    ],
    [
      0.074,
      "a"
    ],
    [
      0.196559,
      "c"
    ],
    [
      0.212956,
      "t"
    ],
    [
      0.081965,
      "s"
    ],
    [
      0.451329,
      "\b\u001b[K\b\u001b[K\b\u001b[K\b\u001b[K\b\u001b[Kfacts"
    ],
    [
      0.767202,
      "."
    ],
    [
      0.312001,
      "http_status "
    ],
    [
      0.541691,
      "\r\r\n"
    ],
    [
      0.264343,
      "Running presets: model/model_PRESETS.hql\r\n"
    ],
    [
      0.397856,
      "\u001b[32mok: file:///home/user/model/model_PRESETS.hql\u001b[39m\r\n"
    ],
    [
      1.184756,
      "INFO: Files analyzed: 12    Failures: 0\r\n"
    ],
    [
      1.08941,
      "\u001b[32mok: file:///home/user/model/nasa/facts.db/http_status/CREATE.hql\u001b[39m\r\n"
    ],
    [
      0.21822,
      "\u001b[32mok: file:///home/user/model/nasa/nasa_access_import.db/daily_logs/CREATE.hql\u001b[39m\r\n"
    ],
    [
      0.153538,
      "\u001b[32mok: file:///home/user/model/nasa/nasa_access_import.db/raw_data/CREATE.hql\u001b[39m\r\n"
    ],
    [
      0.017037,
      "flamy> "
    ],
    [
      0.521277,
      "push tables --on local nasa_access_import facts.http_status "
    ],
    [
      0.342754,
      "\u001b[60D\u001b[Kdiff tables --on local"
    ],
    [
      0.757421,
      "\r"
    ],
    [
      0.000138,
      "\r\n"
    ],
    [
      0.165833,
      "+-----------------------------------+-------+"
    ],
    [
      0.000107,
      "\r\n"
    ],
    [
      9.3e-05,
      "| model                             | local |"
    ],
    [
      8.5e-05,
      "\r\n"
    ],
    [
      8.2e-05,
      "+-----------------------------------+-------+"
    ],
    [
      0.000111,
      "\r\n| nasa_access.daily_logs            |       |\r\n| nasa_access.daily_url_error_rates |       |\r\n| nasa_access.daily_urls            |       |\r\n| nasa_access.daily_urls_with_error |       |\r\n+-----------------------------------+-------+"
    ],
    [
      3.1e-05,
      "\r\n"
    ],
    [
      0.001814,
      "flamy> "
    ],
    [
      1.133514,
      "diff tables --on local"
    ],
    [
      0.385643,
      "\u001b[22D\u001b[Kpush tables --on local nasa_access_import facts.http_status "
    ],
    [
      0.481192,
      "\b\u001b[K"
    ],
    [
      0.348286,
      "\b\u001b[K"
    ],
    [
      0.009217,
      "\b\u001b[K"
    ],
    [
      0.014181,
      "\b\u001b[K"
    ],
    [
      0.014683,
      "\b\u001b[K"
    ],
    [
      0.014565,
      "\b\u001b[K"
    ],
    [
      0.014304,
      "\b\u001b[K"
    ],
    [
      0.013981,
      "\b\u001b[K"
    ],
    [
      0.014038,
      "\b\u001b[K"
    ],
    [
      0.014102,
      "\b\u001b[K"
    ],
    [
      0.01406,
      "\b\u001b[K"
    ],
    [
      0.013694,
      "\b\u001b[K"
    ],
    [
      0.014909,
      "\b\u001b[K"
    ],
    [
      0.014108,
      "\b\u001b[K"
    ],
    [
      0.014667,
      "\b\u001b[K"
    ],
    [
      0.01375,
      "\b\u001b[K"
    ],
    [
      0.01425,
      "\b\u001b[K"
    ],
    [
      0.013914,
      "\b\u001b[K"
    ],
    [
      0.01421,
      "\b\u001b[K"
    ],
    [
      0.014758,
      "\b\u001b[K"
    ],
    [
      0.014489,
      "\b\u001b[K"
    ],
    [
      0.014879,
      "\b\u001b[K"
    ],
    [
      0.013242,
      "\b\u001b[K"
    ],
    [
      0.014663,
      "\b\u001b[K"
    ],
    [
      0.014257,
      "\b\u001b[K"
    ],
    [
      0.013971,
      "\b\u001b[K"
    ],
    [
      0.01516,
      "\b\u001b[K"
    ],
    [
      0.012639,
      "\b\u001b[K"
    ],
    [
      0.177688,
      "\b\u001b[K"
    ],
    [
      0.158343,
      "\b\u001b[K"
    ],
    [
      0.149715,
      "\b\u001b[K"
    ],
    [
      0.248974,
      "\b\u001b[K"
    ],
    [
      0.127576,
      "\b\u001b[K"
    ],
    [
      0.143176,
      "\b\u001b[K"
    ],
    [
      0.121205,
      "\b\u001b[K"
    ],
    [
      0.134981,
      "\b\u001b[K"
    ],
    [
      0.133659,
      "\b\u001b[K"
    ],
    [
      0.465495,
      "\r\r\n"
    ],
    [
      0.162043,
      "Running presets: model/model_PRESETS.hql\r\n"
    ],
    [
      0.152253,
      "\u001b[32mok: file:///home/user/model/model_PRESETS.hql\u001b[39m"
    ],
    [
      0.003249,
      "\r\n"
    ],
    [
      0.137921,
      "INFO: Files analyzed: 12    Failures: 0\r\n"
    ],
    [
      0.14188,
      "\u001b[32mok: file:///home/user/model/nasa/nasa_access.db/daily_logs/CREATE.hql\u001b[39m\r\n"
    ],
    [
      0.127577,
      "\u001b[32mok: file:///home/user/model/nasa/nasa_access.db/daily_url_error_rates/CREATE.hql\u001b[39m"
    ],
    [
      0.000127,
      "\r\n"
    ],
    [
      0.155843,
      "\u001b[32mok: file:///home/user/model/nasa/nasa_access.db/daily_urls/CREATE.hql\u001b[39m\r\n"
    ],
    [
